{
  "auc_roc": 0.9045347506280698,
  "recall": 0.987590377098517,
  "precision": 0.7878667684338284,
  "f1": 0.876494981474369
}