{
  "auc_roc": 0.8963913671267937,
  "recall": 0.769766767681811,
  "precision": 0.8777082802414878,
  "f1": 0.8202013944923874
}